Rxn Name,Flavin,Quinone,Fe-S,Heme,Reversible,iAF1260 index,Rxn (iAF1260),Putative h2o2 Rxn,Putative o2s Rxn,"Combined rxn (c -> h2o2 rxn, k->o2s rxn)",Notes
ACHBS,1,0,0,0,0,166,[c] : 2obut + h + pyr --> 2ahbut + co2,[c] : pyr + o2 + h2o ---> ac + co2 + h2o2,[c] : pyr + (2) o2  + h2o ---> ac + co2 + (2) o2s + (2) h,[c] : 2obut + h + (1+c+k) pyr + (c+2k) o2 + (c+k) h2o--> 2ahbut + (1+c+k) co2 + (c+k) ac + (c) h2o2 + (2k) o2s + (2k) h,PMID: 15236573
ACLS,1,0,0,0,0,168,[c] : h + (2) pyr --> alac-S + co2,[c] : pyr + o2 + h2o ---> ac + co2 + h2o2,[c] : pyr + (2) o2  + h2o ---> ac + co2 + (2) o2s + (2) h,[c] : h + (2+c+k) pyr + (c+2k) o2 + (c+k) h2o -->  alac-S + (1+c+k) co2 + (c+k) ac + (c) h2o2 + (2k) o2s + (2k) h,PMID: 15236573
ACOAD1f,1,0,0,0,1,178,[c] : btcoa + fad <==> b2coa + fadh2,[c] : o2 + fadh2 -->  fad + h2o2,[c] : (2) o2 + fadh2 -->  fad + (2) o2s + (2) h,"[c] : btcoa + (1-c-k) fad + (c+2k) o2 --> b2coa + (1-c-k) fadh2 + (c) h2o2 + (2k) o2s + (2k) h, OR [c] :  b2coa + (1+c+k) fadh2 + (c+2k) o2 --> btcoa + (1+c+k) fad + (c) h2o2 + (2k) o2s + (2k) h","PMID: 14527285, General Rule: reduced flavin donates electrons to oxygen to generate superoxide and hydrogen peroxide"
ACOAD2f,1,0,0,0,1,179,[c] : fad + hxcoa <==> fadh2 + hx2coa,[c] : o2 + fadh2 -->  fad + h2o2,[c] : (2) o2 + fadh2 -->  fad + (2) o2s + (2) h,"[c] : hxcoa + (1-c-k) fad + (c+2k) o2 --> hx2coa + (1-c-k) fadh2 + (c) h2o2 + (2k) o2s + (2k) h , OR [c] :  hx2coa + (1+c+k) fadh2 + (c+2k) o2 --> hxcoa + (1+c+k) fad + (c) h2o2 + (2k) o2s + (2k) h","PMID: 14527285, General Rule: reduced flavin donates electrons to oxygen to generate superoxide and hydrogen peroxide"
ACOAD3f,1,0,0,0,1,180,[c] : fad + occoa <==> fadh2 + oc2coa,[c] : o2 + fadh2 -->  fad + h2o2,[c] : (2) o2 + fadh2 -->  fad + (2) o2s + (2) h,"[c] : occoa + (1-c-k) fad + (c+2k) o2 --> oc2coa + (1-c-k) fadh2 + (c) h2o2 + (2k) o2s + (2k) h , OR [c] :  oc2coa + (1+c+k) fadh2 + (c+2k) o2 --> occoa + (1+c+k) fad + (c) h2o2 + (2k) o2s + (2k) h","PMID: 14527285, General Rule: reduced flavin donates electrons to oxygen to generate superoxide and hydrogen peroxide"
ACOAD4f,1,0,0,0,1,181,[c] : dcacoa + fad <==> dc2coa + fadh2,[c] : o2 + fadh2 -->  fad + h2o2,[c] : (2) o2 + fadh2 -->  fad + (2) o2s + (2) h,"[c] : dcacoa + (1-c-k) fad + (c+2k)o2 --> dc2coa + (1-c-k) fadh2 + (c) h2o2 + (2k) o2s + (2k) h , OR [c] :  dc2coa + (1+c+k) fadh2 + (c+2k) o2 --> dcacoa + (1+c+k) fad + (c) h2o2 + (2k) o2s + (2k) h","PMID: 14527285, General Rule: reduced flavin donates electrons to oxygen to generate superoxide and hydrogen peroxide"
ACOAD5f,1,0,0,0,1,182,[c] : ddcacoa + fad <==> dd2coa + fadh2,[c] : o2 + fadh2 -->  fad + h2o2,[c] : (2) o2 + fadh2 -->  fad + (2) o2s + (2) h,"[c] : ddcacoa + (1-c-k) fad + (c+2k) o2 --> dd2coa + (1-c-k) fadh2 + (c) h2o2 + (2k) o2s + (2k) h , OR [c] :  dd2coa + (1+c+k) fadh2 + (c+2k) o2 --> ddcacoa + (1+c+k) fad + (c) h2o2 + (2k) o2s + (2k) h","PMID: 14527285, General Rule: reduced flavin donates electrons to oxygen to generate superoxide and hydrogen peroxide"
ACOAD6f,1,0,0,0,1,183,[c] : fad + tdcoa <==> fadh2 + td2coa,[c] : o2 + fadh2 -->  fad + h2o2,[c] : (2) o2 + fadh2 -->  fad + (2) o2s + (2) h,"[c] : tdcoa + (1-c-k) fad + (c+2k) o2 --> td2coa + (1-c-k) fadh2 + (c) h2o2 + (2k) o2s + (2k) h , OR [c] :  td2coa + (1+c+k) fadh2 + (c+2k) o2 --> tdcoa + (1+c+k) fad + (c) h2o2 + (2k) o2s + (2k) h","PMID: 14527285, General Rule: reduced flavin donates electrons to oxygen to generate superoxide and hydrogen peroxide"
ACOAD7f,1,0,0,0,1,184,[c] : fad + pmtcoa <==> fadh2 + hdd2coa,[c] : o2 + fadh2 -->  fad + h2o2,[c] : (2) o2 + fadh2 -->  fad + (2) o2s + (2) h,"[c] : pmtcoa + (1-c-k) fad + (c+2k) o2 --> hdd2coa + (1-c-k) fadh2 + (c) h2o2 + (2k) o2s + (2k) h , OR [c] :  hdd2coa + (1+c+k) fadh2 + (c+2k) o2 --> pmtcoa + (1+c+k) fad + (c) h2o2 + (2k) o2s + (2k) h","PMID: 14527285,General Rule: reduced flavin donates electrons to oxygen to generate superoxide and hydrogen peroxide"
ACOAD8f,1,0,0,0,1,185,[c] : fad + stcoa <==> fadh2 + od2coa,[c] : o2 + fadh2 -->  fad + h2o2,[c] : (2) o2 + fadh2 -->  fad + (2) o2s + (2) h,"[c] : stcoa + (1-c-k) fad + (c+2k) o2 --> od2coa + (1-c-k) fadh2 + (c) h2o2 + (2k) o2s + (2k) h , OR [c] :  od2coa + (1+c+k) fadh2 + (c+2k) o2 --> stcoa + (1+c+k) fad + (c) h2o2 + (2k) o2s + (2k) h","PMID: 14527285, General Rule: reduced flavin donates electrons to oxygen to generate superoxide and hydrogen peroxide"
ACONTa,0,0,1,0,1,191,[c] : cit <==> acon-C + h2o,[c] : (2) o2s + (3) h + nadh --> (2) h2o2 + nad,[c] : (2) o2 + nadh --> (2) o2s + nad + h,"[c] : cit + (2k) o2 + (c+k) nadh + (3c) h + (2c) o2s --> acon-C + h2o + (2c) h2o2 + (2k) o2s + (c+k) nad + (k) h, OR [c]:  acon-C + h2o + (2k) o2 + (c+k) nadh + (2c) o2s + (3c) h -->  cit + (2c) h2o2 + (2k) o2s + (c+k) nad + (k) h","PMID: 1315737, PMID: 15308657, PMID: 15308657, General Rule: ROS generated from continual cycling between repair and damage of Fe-S cluster (PMID: 1315737, PMID: 15308657). Assume NADH as source of electrons for repair (PMID: 15308657) "
ACONTb,0,0,1,0,1,192,[c] : acon-C + h2o <==> icit,NA,NA,NA,"Aconitase reaction is split in half, therefore only one of the halves was allowed to generate ROS"
AKGDH,1,0,0,0,0,256,[c] : akg + coa + nad --> co2 + nadh + succoa,[c] : akg + coa + o2 + h --> co2 + h2o2 + succoa,[c] : akg + coa + (2) o2  --> co2 + (2) o2s + succoa + h,[c] : akg + coa + (1-c-k) nad + (c+2k) o2 + (c) h --> co2 + (1-c-k) nadh + succoa + (c) h2o2 + (2k) o2s + (k) h,"PMID: 15356189, PMID: 12631263"
AMMQLT8,0,1,0,0,0,304,[c] : 2dmmql8 + amet --> ahcys + h + mql8,[c] : mql8 + o2 --> h2o2 + mqn8,[c] : mql8 + (2) o2 --> (2) o2s + mqn8 + (2) h,[c] : 2dmmql8 + amet + (c+2k) o2  --> ahcys + (1+2k) h + (1-c-k) mql8 + (c) h2o2 + (2k) o2s + (c+k) mqn8,"PMID: 14527285, General Rule: reduced quinone donates electrons to oxygen to generate superoxide and hydrogen peroxide"
ARBTNR1,1,0,0,0,0,320,[c] : (2) arbtn-fe3 + fadh2 --> (2) arbtn + fad + (2) fe2 + (2) h,[c] : o2 + fadh2 -->  fad + h2o2,[c] : (2) o2 + fadh2 -->  fad + (2) o2s + (2) h,[c] : (2) arbtn-fe3 + (1+c+k) fadh2 + (c+2k) o2--> (2) arbtn + (1+c+k) fad + (2) fe2 + (2+2k) h + (c) h2o2 + (2k) o2s,"PMID: 14527285, General Rule: reduced flavin donates electrons to oxygen to generate superoxide and hydrogen peroxide"
ARBTNR2,1,0,0,0,0,321,[c] : (2) arbtn-fe3 + fmnh2 --> (2) arbtn + (2) fe2 + fmn + (2) h,[c] : o2 + fmnh2 -->  fmn + h2o2,[c] : (2) o2 + fmnh2 -->  fmn + (2) o2s + (2) h,[c] : (2) arbtn-fe3 + (1+c+k) fmnh2 + (c+2k) o2--> (2) arbtn + (1+c+k) fmn + (2) fe2 + (2+2k) h + (c) h2o2 + (2k) o2s,"PMID: 14527285, General Rule: reduced flavin donates electrons to oxygen to generate superoxide and hydrogen peroxide"
ASPO3,1,1,0,0,0,359,[c] : asp-L + q8 --> h + iasp + q8h2,[c] : asp-L + o2 --> h + h2o2 + iasp,[c] : asp-L + (2) o2 --> (3) h + (2) o2s + iasp,[c] : (1+c+k) asp-L + q8 + (c+2k) o2 --> (1+c+3k) h + (1+c+k) iasp + q8h2 + (c) h2o2 + (2k) o2s,"PMID: 20149100, Due to the physiological relevance of ASPO6 this reaction was inactivated"
ASPO4,1,0,0,0,0,360,[c] : asp-L + mqn8 --> h + iasp + mql8,[c] : asp-L + o2 --> h + h2o2 + iasp,[c] : asp-L + (2) o2 --> (3) h + (2) o2s + iasp,[c] : (1+c+k) asp-L + mqn8 + (c+2k) o2 --> (1+c+3k) h + (1+c+k) iasp + mql8 + (c) h2o2 + (2k) o2s,"PMID: 20149100, Due to the physiological relevance of ASPO6 this reaction was inactivated"
ASPO5,1,1,0,0,0,361,[c] : asp-L + fum --> h + iasp + succ,[c] : asp-L + o2 --> h + h2o2 + iasp,[c] : asp-L + (2) o2 --> (3) h + (2) o2s + iasp,[c] : (1+c+k) asp-L + fum + (c+2k) o2  --> (1+c+3k) h + (1+c+k) iasp + succ + (c) h2o2 + (2k) o2s,"PMID: 20149100, Due to the physiological relevance of ASPO6 this reaction was inactivated"
BTS4,0,0,1,0,0,385,[c] : amet + dtbt + s --> btn + dad-5 + h + met-L,[c] : (2) o2s + (3) h + nadh --> (2) h2o2 + nad,[c] : (2) o2 + nadh --> (2) o2s + nad + h,[c] : amet + dtbt + s + (2k) o2 + (c+k) nadh + (2c) o2s + (3c) h --> btn + dad-5 + h + met-L + (2c) h2o2 + (2k) o2s + (c+k) nad + (k) h,"PMID: 1315737, PMID: 15308657, PMID: 15308657, General Rule: ROS generated from continual cycling between repair and damage of Fe-S cluster (PMID: 1315737, PMID: 15308657). Assume NADH as source of electrons for repair (PMID: 15308657) "
CPGNR1,1,0,0,0,0,459,[c] : (2) cpgn + fadh2 --> (2) cpgn-un + fad + (2) fe2 + (2) h,[c] : o2 + fadh2 -->  fad + h2o2,[c] : (2) o2 + fadh2 -->  fad + (2) o2s + (2) h,[c] : (2) cpgn + (1+c+k) fadh2 + (c+2k) o2--> (2) cpgn-un + (1+c+k) fad + (2) fe2 + (2+2k) h + (c) h2o2 + (2k) o2s,"PMID: 14527285, General Rule: reduced flavin donates electrons to oxygen to generate superoxide and hydrogen peroxide"
CPGNR2,1,0,0,0,0,460,[c] : (2) cpgn + fmnh2 --> (2) cpgn-un + (2) fe2 + fmn + (2) h,[c] : o2 + fmnh2 -->  fmn + h2o2,[c] : (2) o2 + fmnh2 -->  fmn + (2) o2s + (2) h,[c] : (2) cpgn + (1+c+k) fmnh2 + (c+2k) o2--> (2) cpgn-un + (1+c+k) fmn + (2) fe2 + (2+2k) h + (c) h2o2 + (2k) o2s,"PMID: 14527285, General Rule: reduced flavin donates electrons to oxygen to generate superoxide and hydrogen peroxide"
CPPPGO2,0,0,1,0,0,468,[c] : (2) amet + cpppg3 --> (2) co2 + (2) dad-5 + (2) met-L + pppg9,[c] : (2) o2s + (3) h + nadh --> (2) h2o2 + nad,[c] : (2) o2 + nadh --> (2) o2s + nad + h,[c] : (2) amet + cpppg3 + (2k) o2 + (c+k) nadh + (2c) o2s + (3c) h --> (2) co2 + (2) dad-5 + (2) met-L + pppg9 + (2c) h2o2 + (2k) o2s + (c+k) nad + (k) h,"PMID: 1315737, PMID: 15308657, PMID: 15308657, General Rule: ROS generated from continual cycling between repair and damage of Fe-S cluster (PMID: 1315737, PMID: 15308657). Assume NADH as source of electrons for repair (PMID: 15308657) "
CYTBD2pp,0,1,0,1,0,515,(2) h[c] + mql8[c] + (0.5) o2[c] --> (2) h[p] + h2o[c] + mqn8[c],[c] : mql8 + o2 --> h2o2 + mqn8,[c] : mql8 + (2) o2 --> (2) o2s + mqn8 + (2) h,(2) h[c] + (1+c+k) mql8[c] + (0.5+c+2k) o2[c] --> (2) h[p] + h2o[c] + (1+c+k) mqn8[c] + (c) h2o2[c] + (2k) o2s[c] + (2k) h[c],"PMID: 14527285, General Rule: reduced quinone donates electrons to oxygen to generate superoxide and hydrogen peroxide"
CYTBDpp,0,1,0,1,0,516,(2) h[c] + (0.5) o2[c] + q8h2[c] --> (2) h[p] + h2o[c] + q8[c],[c] : q8h2 + o2 --> h2o2 + q8,[c] : q8h2 + (2) o2 --> (2) o2s + q8 + (2) h,(2) h[c] + (0.5+c+2k) o2[c] + (1+c+k) q8h2[c] --> (2) h[p] + h2o[c] + (1+c+k) q8[c] + (c) h2o2[c] + (2k) o2s[c] + (2k) h[c],"PMID: 14527285, General Rule: reduced quinone donates electrons to oxygen to generate superoxide and hydrogen peroxide"
CYTBO3_4pp,0,1,0,1,0,517,(4) h[c] + (0.5) o2[c] + q8h2[c] --> (4) h[p] + h2o[c] + q8[c],[c] : q8h2 + o2 --> h2o2 + q8,[c] : q8h2 + (2) o2 --> (2) o2s + q8 + (2) h,(4) h[c] + (0.5+c+2k) o2[c] + (1+c+k) q8h2[c] --> (4) h[p] + h2o[c] + (1+c+k) q8[c] + (c) h2o2[c] + (2k) o2s[c] + (2k) h[c],"PMID: 14527285, General Rule: reduced quinone donates electrons to oxygen to generate superoxide and hydrogen peroxide"
DAAD,1,0,0,0,0,526,[c] : ala-D + fad + h2o --> fadh2 + nh4 + pyr,[c] : ala-D + o2 + h2o --> h2o2 + nh4 + pyr,[c] : ala-D + (2) o2 + h2o --> (2) o2s + nh4 + pyr + (2) h,[c] : ala-D + (1-c-k) fad + h2o + (c+2k) o2 --> nh4 + pyr + (1-c-k) fadh2 + (c) h2o2 + (2k) o2s + (2k) h,"PMID: 14527285, General Rule: reduced flavin donates electrons to oxygen to generate superoxide and hydrogen peroxide"
DHAD1,0,0,1,0,0,573,[c] : 23dhmb --> 3mob + h2o,[c] : (2) o2s + (3) h + nadh --> (2) h2o2 + nad,[c] : (2) o2 + nadh --> (2) o2s + nad + h,[c] : 23dhmb + (2k) o2 + (k) nadh + (2c) o2s + (3c) h --> 3mob + h2o + (2c) h2o2 + (2k) o2s + (c+k) nad + (k) h,"PMID: 1315737, PMID: 15308657, PMID: 15308657, General Rule: ROS generated from continual cycling between repair and damage of Fe-S cluster (PMID: 1315737, PMID: 15308657). Assume NADH as source of electrons for repair (PMID: 15308657) "
DHAD2,0,0,1,0,0,574,[c] : 23dhmp --> 3mop + h2o,[c] : (2) o2s + (3) h + nadh --> (2) h2o2 + nad,[c] : (2) o2 + nadh --> (2) o2s + nad + h,[c] : 23dhmp + (2k) o2 + (k) nadh + (2c) h2o2 + (3c) h--> 3mop + h2o + (2c) h2o2 + (2k) o2s + (c+k) nad + (k) h,"PMID: 1315737, PMID: 15308657, PMID: 15308657, General Rule: ROS generated from continual cycling between repair and damage of Fe-S cluster (PMID: 1315737, PMID: 15308657). Assume NADH as source of electrons for repair (PMID: 15308657) "
DHNAOT4,0,1,0,0,0,587,[c] : dhna + h + octdp --> 2dmmql8 + co2 + ppi,[c] : 2dmmql8 + o2 --> 2dmmq8 + h2o2,[c] : 2dmmql8 + (2) o2 --> 2dmmq8 + (2)o2s + (2)h,[c] : dhna + h + octdp + (c+2k) o2--> (1-c-k) 2dmmql8 + co2 + ppi + (c+k) 2dmmq8 + (c) h2o2 + (2k) o2s + (2k) h,"PMID: 14527285, General Rule: reduced quinone donates electrons to oxygen to generate superoxide and hydrogen peroxide"
DHORD2,1,1,0,0,0,589,[c] : dhor-S + q8 --> orot + q8h2,[c] : dhor-S + o2 --> orot + h2o2,[c] : dhor-S + (2) o2 --> orot + (2) o2s + (2) h,[c] : dhor-S + (1-c-k) q8 + (c+2k) o2 --> orot + (1-c-k) q8h2 + (c) h2o2 + (2k) o2s + (2k) h,"PMID: 14527285, General Rule: reduced flavin donates electrons to oxygen to generate superoxide and hydrogen peroxide"
DHORD5,1,1,0,0,0,590,[c] : dhor-S + mqn8 --> mql8 + orot,[c] : dhor-S + o2 --> orot + h2o2,[c] : dhor-S + (2) o2 --> orot + (2) o2s + (2) h,[c] : dhor-S + (1-c-k) mqn8 + (c+2k) o2 --> (1-c-k) mql8 + orot + (c) h2o2 + (2k) o2s + (2k) h,"PMID: 14527285, General Rule: reduced flavin donates electrons to oxygen to generate superoxide and hydrogen peroxide"
DMPPS,1,0,1,0,0,608,[c] : h + h2mb4p + nadh --> dmpp + h2o + nad,[c] : (2) o2s + (3) h + nadh --> (2) h2o2 + nad,[c] : (2) o2 + nadh --> (2) o2s + nad + h,[c] : (1+3c) h + h2mb4p + (1+c+k)  nadh + (2k) o2 + (2c) o2s--> dmpp + h2o + (1+c+k) nad + (2c) h2o2 + (2k) o2s + (k) h,"PMID: 14527285, PMID: 12198182, General Rule: reduced flavin donates electrons to oxygen to generate superoxide and hydrogen peroxide"
DMQMT,0,1,0,0,0,609,[c] : 2omhmbl + amet --> ahcys + h + q8h2,[c] : q8h2 + o2 --> h2o2 + q8,[c] : q8h2 + (2) o2 --> (2) o2s + q8 + (2) h,[c] : 2omhmbl + amet (c+2k) o2 --> ahcys + (1+2k) h + (1-c-k) q8h2 + (c+k) q8 + (c) h2o2 + (2k) o2s ,"PMID: 14527285, General Rule: reduced quinone donates electrons to oxygen to generate superoxide and hydrogen peroxide"
DMSOR1,0,1,0,0,0,610,[c] : dmso + mql8 --> dms + h2o + mqn8,[c] : mql8 + o2 --> h2o2 + mqn8,[c] : mql8 + (2) o2 --> (2) o2s + mqn8 + (2) h,[c] : dmso + (1+c+k) mql8 + (c+2k) o2 --> dms + h2o + (1+c+k) mqn8 + (c) h2o2 + (2k) o2s + (2k) h,"PMID: 14527285, General Rule: reduced quinone donates electrons to oxygen to generate superoxide and hydrogen peroxide"
DMSOR1pp,0,1,0,0,0,611,dmso[p] + mql8[c] --> dms[p] + h2o[p] + mqn8[c],[c] : mql8 + o2 --> h2o2 + mqn8,[c] : mql8 + (2) o2 --> (2) o2s + mqn8 + (2) h,dmso[p] + (1+c+k) mql8[c] + (c+2k) o2 [c] --> dms[p] + h2o[p] + (1+c+k) mqn8[c] + (c) h2o2[c] + (2k) o2s[c] + (2k) h[c],"PMID: 14527285, General Rule: reduced quinone donates electrons to oxygen to generate superoxide and hydrogen peroxide"
DMSOR2,0,1,0,0,0,612,[c] : 2dmmql8 + dmso --> 2dmmq8 + dms + h2o,[c] : 2dmmql8 + o2 --> 2dmmq8 + h2o2,[c] : 2dmmql8 + (2) o2 --> 2dmmq8 + (2)o2s + (2)h,[c] : (1+c+k) 2dmmql8 + dmso + (c+2k) o2 --> (1+c+k) 2dmmq8 + dms + h2o + (c) h2o2 + (2k) o2s + (2k) h,"PMID: 14527285, General Rule: reduced quinone donates electrons to oxygen to generate superoxide and hydrogen peroxide"
DMSOR2pp,0,1,0,0,0,613,2dmmql8[c] + dmso[p] --> 2dmmq8[c] + dms[p] + h2o[p],[c] : 2dmmql8 + o2 --> 2dmmq8 + h2o2,[c] : 2dmmql8 + (2) o2 --> 2dmmq8 + (2)o2s + (2)h,(1+c+k) 2dmmql8[c] + dmso[p] + (c+2k) o2 [c] --> (1+c+k) 2dmmq8[c] + dms[p] + h2o[p] + (c) h2o2[c] + (2k) o2s[c] + (2k) h[c],"PMID: 14527285, General Rule: reduced quinone donates electrons to oxygen to generate superoxide and hydrogen peroxide"
DSBAO1,0,1,0,0,0,628,dsbard[p] + q8[c] --> dsbaox[p] + q8h2[c],dsbard[p] + o2[c] --> dsbaox[p] + h2o2[c],dsbard[p] + (2) o2[c] --> dsbaox[p] + (2) o2s[c] + (2) h [c],dsbard[p] + (1-c-k) q8[c] + (c+2k) o2[c] --> dsbaox[p] + (1-c-k) q8h2[c] + (c) h2o2[c] + (2k) o2s[c] + (2k) h[c],"PMID: 14527285, General Rule: reduced quinone donates electrons to oxygen to generate superoxide and hydrogen peroxide"
DSBAO2,0,1,0,0,0,629,dsbard[p] + mqn8[c] --> dsbaox[p] + mql8[c],dsbard[p] + o2[c] --> dsbaox[p] + h2o2[c],dsbard[p] + (2) o2[c] --> dsbaox[p] + (2) o2s[c] + (2) h [c],dsbard[p] + (1-c-k) mqn8[c] + (c+2k) o2[c] --> dsbaox[p] + (1-c-k) mql8[c] + (c) h2o2[c] + (2k) o2s[c] + (2k) h[c],"PMID: 14527285, General Rule: reduced quinone donates electrons to oxygen to generate superoxide and hydrogen peroxide"
FADRx,1,0,0,0,0,1037,[c] : fad + h + nadh --> fadh2 + nad,[c] : o2 + h + nadh --> h2o2 + nad,[c] : (2) o2  + nadh --> (2) o2s + nad +  h,[c] : (1-c-k) fad + h + nadh + (c+2k) o2 --> (1-c-k) fadh2 + nad + (c) h2o2 + (2k) o2s + (2k) h,"PMID: 14527285, General Rule: reduced flavin donates electrons to oxygen to generate superoxide and hydrogen peroxide"
FADRx2,1,0,1,0,0,1038,[c] : fad + h + nadph --> fadh2 + nadp,[c] : o2 + h + nadph --> h2o2 + nadp,[c] : (2) o2  + nadph --> (2) o2s + nadp +  h,[c] : (1-c-k) fad + h + nadph --> (1-c-k) fadh2 + nadp + (c) h2o2 + (2k) o2s + (2k) h,"PMID: 14527285, General Rule: reduced flavin donates electrons to oxygen to generate superoxide and hydrogen peroxide"
FDH4pp,0,1,0,0,0,1049,for[p] + (2) h[c] + q8[c] --> co2[c] + h[p] + q8h2[c],for[p] + (2) h[c] + o2[c] --> co2[c] + h[p] + h2o2[c],for[p] + (2) o2[c] --> co2[c] + h[p] + (2) o2s[c],for[p] + (2) h[c] + (1-c-k)q8[c] + (c+2k) o2 [c] --> co2[c] + h[p] + (1-c-k) q8h2[c] + (c) h2o2[c] + (2k) o2s[c] + (2k) h[c],"PMID: 14527285, General Rule: reduced quinone donates electrons to oxygen to generate superoxide and hydrogen peroxide"
FDH5pp,0,1,0,0,0,1050,for[p] + (2) h[c] + mqn8[c] --> co2[c] + h[p] + mql8[c],for[p] + (2) h[c] + o2[c] --> co2[c] + h[p] + h2o2[c],for[p] + (2) o2[c] --> co2[c] + h[p] + (2) o2s[c],for[p] + (2) h[c] + (1-c-k) mqn8[c] + (c+2k) o2[c] --> co2[c] + h[p] + (1-c-k) mql8[c] + (c) h2o2[c] + (2k) o2s[c] + (2k) h[c],"PMID: 14527285, General Rule: reduced quinone donates electrons to oxygen to generate superoxide and hydrogen peroxide"
FDMO,1,0,0,0,0,1051,[c] : fmnh2 + isetac + o2 --> fmn + gcald + h + h2o + so3,[c] : o2 + fmnh2 -->  fmn + h2o2,[c] : (2) o2 + fmnh2 -->  fmn + (2) o2s + (2) h,[c] : (1+c+k) fmnh2 + isetac + (1+c+2k) o2 --> (1+c+k) fmn + gcald + (1+2k) h + h2o + so3 + (c) h2o2 + (2k) o2s,"PMID: 14527285, General Rule: reduced flavin donates electrons to oxygen to generate superoxide and hydrogen peroxide"
FDMO2,1,0,0,0,0,1052,[c] : fmnh2 + mso3 + o2 --> fald + fmn + h + h2o + so3,[c] : o2 + fmnh2 -->  fmn + h2o2,[c] : (2) o2 + fmnh2 -->  fmn + (2) o2s + (2) h,[c] : (1+c+k) fmnh2 + mso3 + (1+c+2k) o2 --> fald + (1+c+k) fmn + (1+2k) h + h2o + so3 + (c) h2o2 + (2k) o2s,"PMID: 14527285, General Rule: reduced flavin donates electrons to oxygen to generate superoxide and hydrogen peroxide"
FDMO3,1,0,0,0,0,1053,[c] : ethso3 + fmnh2 + o2 --> acald + fmn + h + h2o + so3,[c] : o2 + fmnh2 -->  fmn + h2o2,[c] : (2) o2 + fmnh2 -->  fmn + (2) o2s + (2) h,[c] : ethso3 + (1+c+k) fmnh2 + (1+c+2k) o2 --> acald + (1+c+k) fmn + (1+2k) h + h2o + so3 + (c) h2o2 + (2k) o2s,"PMID: 14527285, General Rule: reduced flavin donates electrons to oxygen to generate superoxide and hydrogen peroxide"
FDMO4,1,0,0,0,0,1054,[c] : butso3 + fmnh2 + o2 --> btal + fmn + h + h2o + so3,[c] : o2 + fmnh2 -->  fmn + h2o2,[c] : (2) o2 + fmnh2 -->  fmn + (2) o2s + (2) h,[c] : butso3 + (1+c+k) fmnh2 + (1+c+2k) o2 --> btal + (1+c+k) fmn + (1+2k) h + h2o + so3 + (c) h2o2 + (2k) o2s,"PMID: 14527285, General Rule: reduced flavin donates electrons to oxygen to generate superoxide and hydrogen peroxide"
FDMO6,1,0,0,0,0,1055,[c] : fmnh2 + o2 + sulfac --> fmn + glx + h + h2o + so3,[c] : o2 + fmnh2 -->  fmn + h2o2,[c] : (2) o2 + fmnh2 -->  fmn + (2) o2s + (2) h,[c] : (1+c+k) fmnh2 + (1+c+2k) o2 + sulfac --> (1+c+k) fmn + glx + (1+2k) h + h2o + so3 + (c) h2o2 + (2k) o2s,"PMID: 14527285, General Rule: reduced flavin donates electrons to oxygen to generate superoxide and hydrogen peroxide"
FE3HOXR1,1,0,0,0,0,1066,[c] : fadh2 + (2) fe3hox --> fad + (2) fe2 + (2) fe3hox-un + (2) h,[c] : o2 + fadh2 -->  fad + h2o2,[c] : (2) o2 + fadh2 -->  fad + (2) o2s + (2) h,[c] : (1+c+k) fadh2 + (2) fe3hox + (c+2k) o2 --> (1+c+k) fad + (2) fe2 + (2) fe3hox-un + (2+2k) h + (c) h2o2 + (2k) o2s,"PMID: 14527285, General Rule: reduced flavin donates electrons to oxygen to generate superoxide and hydrogen peroxide"
FE3HOXR2,1,0,0,0,0,1067,[c] : (2) fe3hox + fmnh2 --> (2) fe2 + (2) fe3hox-un + fmn + (2) h,[c] : o2 + fmnh2 -->  fmn + h2o2,[c] : (2) o2 + fmnh2 -->  fmn + (2) o2s + (2) h,[c] : (2) fe3hox + (1+c+k) fmnh2 + (c+2k) o2--> (2) fe2 + (2) fe3hox-un + (1+c+k) fmn + (2+2k) h + (c) h2o2 + (2k) o2s,"PMID: 14527285, General Rule: reduced flavin donates electrons to oxygen to generate superoxide and hydrogen peroxide"
FE3Ri,1,0,0,0,0,1074,[c] : fadh2 + (2) fe3 --> fad + (2) fe2 + (2) h,[c] : o2 + fadh2 -->  fad + h2o2,[c] : (2) o2 + fadh2 -->  fad + (2) o2s + (2) h,[c] : (1+c+k) fadh2 + (2) fe3 + (c+2k) o2 --> (1+c+k) fad + (2) fe2 + (2+2k) h + (c) h2o2 + (2k) o2s,"PMID: 14527285, General Rule: reduced flavin donates electrons to oxygen to generate superoxide and hydrogen peroxide"
FECRMR1,1,0,0,0,0,1077,[c] : fadh2 + (2) fecrm --> fad + (2) fe2 + (2) fecrm-un + (2) h,[c] : o2 + fadh2 -->  fad + h2o2,[c] : (2) o2 + fadh2 -->  fad + (2) o2s + (2) h,[c] : (1+c+k) fadh2 + (2) fecrm + (c+2k) o2 --> (1+c+k) fad + (2) fe2 + (2) fecrm-un + (2+2k) h + (c) h2o2 + (2k) o2s,"PMID: 14527285, General Rule: reduced flavin donates electrons to oxygen to generate superoxide and hydrogen peroxide"
FECRMR2,1,0,0,0,0,1078,[c] : (2) fecrm + fmnh2 --> (2) fe2 + (2) fecrm-un + fmn + (2) h,[c] : o2 + fmnh2 -->  fmn + h2o2,[c] : (2) o2 + fmnh2 -->  fmn + (2) o2s + (2) h,[c] : (2) fecrm + (1+c+k) fmnh2 + (c+2k) o2 --> (2) fe2 + (2) fecrm-un + (1+c+k) fmn + (2+2k) h + (c) h2o2 + (2k) o2s,"PMID: 14527285, General Rule: reduced flavin donates electrons to oxygen to generate superoxide and hydrogen peroxide"
FEENTERR1,1,0,0,0,0,1085,[c] : fadh2 + (2) feenter --> (2) enter + fad + (2) fe2 + (2) h,[c] : o2 + fadh2 -->  fad + h2o2,[c] : (2) o2 + fadh2 -->  fad + (2) o2s + (2) h,[c] : (1+c+k) fadh2 + (2) feenter + (c+2k) o2  --> (2) enter + (1+c+k) fad + (2) fe2 + (2+2k) h + (c) h2o2 + (2k) o2s,"PMID: 14527285, General Rule: reduced flavin donates electrons to oxygen to generate superoxide and hydrogen peroxide"
FEENTERR2,1,0,0,0,0,1086,[c] : (2) feenter + fmnh2 --> (2) enter + (2) fe2 + fmn + (2) h,[c] : o2 + fmnh2 -->  fmn + h2o2,[c] : (2) o2 + fmnh2 -->  fmn + (2) o2s + (2) h,[c] : (2) feenter + (1+c+k) fmnh2 + (c+2k) o2 --> (2) enter + (2) fe2 + (1+c+k) fmn + (2+2k) h + (c) h2o2 + (2k) o2s,"PMID: 14527285, General Rule: reduced flavin donates electrons to oxygen to generate superoxide and hydrogen peroxide"
FEOXAMR1,1,0,0,0,0,1093,[c] : fadh2 + (2) feoxam --> fad + (2) fe2 + (2) feoxam-un + (2) h,[c] : o2 + fadh2 -->  fad + h2o2,[c] : (2) o2 + fadh2 -->  fad + (2) o2s + (2) h,[c] : (1+c+k) fadh2 + (2) feoxam + (c+2k) o2 --> (1+c+k) fad + (2) fe2 + (2) feoxam-un + (2+2k) h + (c) h2o2 + (2k) o2s,"PMID: 14527285, General Rule: reduced flavin donates electrons to oxygen to generate superoxide and hydrogen peroxide"
FEOXAMR2,1,0,0,0,0,1094,[c] : (2) feoxam + fmnh2 --> (2) fe2 + (2) feoxam-un + fmn + (2) h,[c] : o2 + fmnh2 -->  fmn + h2o2,[c] : (2) o2 + fmnh2 -->  fmn + (2) o2s + (2) h,[c] : (2) feoxam + (1+c+k) fmnh2 + (c+2k) o2 --> (2) fe2 + (2) feoxam-un + (1+c+k) fmn + (2+2k) h + (c) h2o2 + (2k) o2s,"PMID: 14527285, General Rule: reduced flavin donates electrons to oxygen to generate superoxide and hydrogen peroxide"
FLDR,1,0,0,0,0,1104,[c] : fldox + h + nadph --> fldrd + nadp,[c] : o2 + h + nadph --> h2o2 + nadp,[c] : (2) o2  + nadph --> (2) o2s + nadp + h,[c] : (1-c-k) fldox + h + nadph (c+2k) o2 -->  (1-c-k) fldrd + nadp + (c) h2o2 + (2k)o2s + (2k) h,"PMID: 14527285, General Rule: reduced flavin donates electrons to oxygen to generate superoxide and hydrogen peroxide"
FLVR,1,0,1,0,0,1105,[c] : h + nadph + ribflv --> nadp + rbflvrd,[c] : o2 + h + nadph --> h2o2 + nadp,[c] : (2) o2  + nadph --> (2) o2s + nadp + h,[c] : h + nadph + (1-c-k) ribflv + (c+2k) o2 --> nadp + (1-c-k) rbflvrd + (c) h2o2 + (2k) o2s + (2k) h,"PMID: 14527285, General Rule: reduced flavin donates electrons to oxygen to generate superoxide and hydrogen peroxide"
FMNRx,1,0,0,0,0,1109,[c] : fmn + h + nadh --> fmnh2 + nad,[c] : o2 + h + nadh --> h2o2 + nad,[c] : (2) o2  + nadh --> (2) o2s + nad + h,[c] : (1-c-k) fmn + h + nadh + (c+2k) o2--> (1-c-k) fmnh2 + nad + (c) h2o2 + (2k) o2s + (2k) h,"PMID: 14527285, General Rule: reduced flavin donates electrons to oxygen to generate superoxide and hydrogen peroxide"
FMNRx2,1,0,1,0,0,1110,[c] : fmn + h + nadph --> fmnh2 + nadp,[c] : o2 + h + nadph --> h2o2 + nadp,[c] : (2) o2  + nadph --> (2) o2s + nadp + h,[c] : (1-c-k) fmn + h + nadph + (c+2k) o2 --> (1-c-k) fmnh2 + nadp + (c) h2o2 + (2k) o2s + (2k) h,"PMID: 14527285, General Rule: reduced flavin donates electrons to oxygen to generate superoxide and hydrogen peroxide"
FRD2,1,1,1,0,0,1114,[c] : fum + mql8 --> mqn8 + succ,[c] : mql8 + o2 --> h2o2 + mqn8,[c] : mql8 + (2) o2 --> (2) o2s + mqn8 + (2) h,[c] : fum + (1+c+k) mql8  + (c+2k) o2 --> (1+c+k) mqn8 + succ + (c) h2o2 + (2k) o2s + (2k) h,"PMID: 12200425, PMID: 14527285, General Rule: reduced flavin donates electrons to oxygen to generate superoxide and hydrogen peroxide"
FRD3,1,1,1,0,0,1115,[c] : 2dmmql8 + fum --> 2dmmq8 + succ,[c] : 2dmmql8 + o2 --> 2dmmq8 + h2o2,[c] : 2dmmql8 + (2) o2 --> 2dmmq8 + (2)o2s + (2)h,[c] : (1+c+k) 2dmmql8 + fum + (c+2k) o2  --> (1+c+k) 2dmmq8 + succ + (c) h2o2 + (2k) o2s + (2k) h,"PMID: 12200425, PMID: 14527285, General Rule: reduced flavin donates electrons to oxygen to generate superoxide and hydrogen peroxide"
FUM,0,0,1,0,1,1130,[c] : fum + h2o <==> mal-L,[c] : (2) o2s + (3) h + nadh --> (2) h2o2 + nad,[c] : (2) o2 + nadh --> (2) o2s + nad + h,"[c] : fum + h2o + (2k) o2 + (c+k) nadh (2c) o2s + (3c) h --> mal-L + (2c) h2o2 + (2k) o2s + (c+k) nad + (k) h, OR [c] : mal-L + (2k) o2 + (c+k) nadh + (2c) h2o2 + (3c) h  --> fum + h2o + (2c) h2o2 + (2k) o2s + (c+k) nad + (k) h","General Rule: ROS generated from continual cycling between repair and damage of Fe-S cluster (PMID: 1315737, PMID: 15308657). Assume NADH as source of electrons for repair (PMID: 15308657) "
G3PD5,1,1,0,0,0,1150,[c] : glyc3p + q8 --> dhap + q8h2,[c] : glyc3p + o2 --> dhap + h2o2,[c] : glyc3p + (2) o2 --> dhap + (2) o2s + (2) h,[c] : glyc3p + (1-c-k) q8 + (c+2k) o2 --> dhap + (1-c-k) q8h2 + (c) h2o2 + (2k) o2s + (2k) h,"PMID: 14527285, General Rule: reduced flavin donates electrons to oxygen to generate superoxide and hydrogen peroxide"
G3PD6,1,1,0,0,0,1151,[c] : glyc3p + mqn8 --> dhap + mql8,[c] : glyc3p + o2 --> dhap + h2o2,[c] : glyc3p + (2) o2 --> dhap + (2) o2s + (2) h,[c] : glyc3p + (1-c-k) mqn8 + (c+2k) o2 --> dhap + (1-c-k) mql8 + (c) h2o2 + (2k) o2s + (2k) h,"PMID: 14527285, General Rule: reduced flavin donates electrons to oxygen to generate superoxide and hydrogen peroxide"
G3PD7,1,1,0,0,0,1152,[c] : 2dmmq8 + glyc3p --> 2dmmql8 + dhap,[c] : glyc3p + o2 --> dhap + h2o2,[c] : glyc3p + (2) o2 --> dhap + (2) o2s + (2) h,[c] : glyc3p + (1-c-k) 2dmmq8 + (c+2k) o2 --> dhap + (1-c-k) 2dmmql8 + (c) h2o2 + (2k) o2s + (2k) h,"PMID: 14527285, General Rule: reduced flavin donates electrons to oxygen to generate superoxide and hydrogen peroxide"
GLCDpp,0,1,0,0,0,1216,glc-D[p] + h2o[p] + q8[c] --> glcn[p] + h[p] + q8h2[c],glc-D[p] + h2o[p] + o2[c] --> glcn[p] + h[p] + h2o2[c],glc-D[p] + h2o[p] + (2) o2[c] --> glcn[p] + h[p] + (2) o2s[c] + (2) h[c],glc-D[p] + h2o[p] + (1-c-k) q8[c] + (c+2k) o2 [c] --> glcn[p] + h[p] + (1-c-k) q8h2[c] + (c) h2o2[c] + (2k) o2s[c] + (2k) h [c],General Rule: reduced quinone donates electrons to oxygen to generate superoxide and hydrogen peroxide
GLUSy,1,0,0,0,0,1253,[c] : akg + gln-L + h + nadph --> (2) glu-L + nadp,[c] : nadph + h + o2 --> nadp + h2o2,[c] :  nadph + (2)o2 --> (2)o2s + nadp + h,[c] : akg + gln-L + (1+c+k) h + (1+c+k) nadph + (c+2k) o2 --> (2) glu-L + (1+c+k) nadp + (c) h2o2 + (2k) o2s + (2k) h,"PMID: 8665916, PMID: 15052410"
GLXCL,1,0,0,0,0,1260,[c] : (2) glx + h --> 2h3oppan + co2,[c] : glx + o2 + h2o ---> for + co2 + h2o2,[c] : glx + (2) o2  + h2o ---> for + co2 + (2) o2s + (2) h,[c] : (2+c+k) glx + h + (c+2k) o2 + (c+k) h2o --> 2h3oppan + (1+c+k) co2 + (c)  h2o2 + (2k) o2s + (2k) h + (c+k) for,"PMID: 15236573, PMID: 8440684"
GLYCL,1,0,0,0,0,1276,[c] : gly + nad + thf --> co2 + mlthf + nadh + nh4,[c] : gly + o2 + h + thf --> co2 + mlthf + h2o2 + nh4,[c] : gly + (2) o2 + thf --> co2 + mlthf + (2) o2s + nh4 + h,[c] : (1+c+k) gly + nad + (1+c+k) thf + (c+2k) o2 + (c) h --> (1+c+k) co2 + (1+c+k) mlthf + nadh + (1+c+k) nh4 + (c) h2o2 + (2k) o2s + (k) h,"PMID: 12631263, PMID: 15356189"
GLYCTO2,0,1,0,0,0,1282,[c] : glyclt + q8 --> glx + q8h2,[c] : glyclt + o2 --> glx + h2o2,[c] : glyclt + (2) o2 --> glx + (2) o2s + (2) h,[c] : glyclt + (1-c-k) q8 + (c+2k) o2--> glx + (1-c-k) q8h2 + (c) h2o2 + (2k) o2s + (2k) h,"PMID: 14527285, General Rule: reduced quinone donates electrons to oxygen to generate superoxide and hydrogen peroxide"
GLYCTO3,0,1,0,0,0,1283,[c] : glyclt + mqn8 --> glx + mql8,[c] : glyclt + o2 --> glx + h2o2,[c] : glyclt + (2) o2 --> glx + (2) o2s + (2) h,[c] : glyclt + (1-c-k) mqn8 + (c+2k) o2--> glx + (1-c-k) mql8 + (c) h2o2 + (2k) o2s + (2k) h,"PMID: 14527285, General Rule: reduced quinone donates electrons to oxygen to generate superoxide and hydrogen peroxide"
GLYCTO4,0,1,0,0,0,1284,[c] : 2dmmq8 + glyclt --> 2dmmql8 + glx,[c] : glyclt + o2 --> glx + h2o2,[c] : glyclt + (2) o2 --> glx + (2) o2s + (2) h,[c] : glyclt + (1-c-k) 2dmmq8 + (c+2k) o2--> glx + (1-c-k) 2dmmql8 + (c) h2o2 + (2k) o2s + (2k) h,"PMID: 14527285, General Rule: reduced quinone donates electrons to oxygen to generate superoxide and hydrogen peroxide"
GTHOr,1,0,0,0,1,1323,[c] : gthox + h + nadph <==> (2) gthrd + nadp,[c] : h + nadph + o2 <==>  nadp + h2o2,[c] :  nadph + (2)o2 --> (2)o2s + nadp + h,[c] : gthox + (1+c) h + (1+c+k) nadph + (c+2k) o2 <==> (2) gthrd + (1+c+k) nadp + (c) h2o2 + (2k) o2s + (k) h,PMID: 7175934
HYD1pp,0,1,1,0,0,1411,(2) h[c] + h2[c] + q8[c] --> (2) h[p] + q8h2[c],(2) h[c] + h2[c] + o2[c] --> (2) h[p] + h2o2[c],h2[c] + (2) o2[c] --> (2) h[p] + (2) o2s[c],(2) h[c] + h2[c] + (1-c-k) q8[c] + (c+2k) o2[c] --> (2) h[p] + (1-k-c) q8h2[c] + (c) h2o2[c] + (2k) o2s[c] + (2k) h[c],"PMID: 14527285, General Rule: reduced quinone donates electrons to oxygen to generate superoxide and hydrogen peroxide"
HYD2pp,0,1,1,0,0,1412,(2) h[c] + h2[c] + mqn8[c] --> (2) h[p] + mql8[c],(2) h[c] + h2[c] + o2[c] --> (2) h[p] + h2o2[c],h2[c] + (2) o2[c] --> (2) h[p] + (2) o2s[c],(2) h[c] + h2[c] + (1-c-k) mqn8[c] + (c+2k) o2[c] --> (2) h[p] + (1-k-c) mql8[c] + (c) h2o2[c] + (2k) o2s[c] + (2k) h[c],"PMID: 14527285, General Rule: reduced quinone donates electrons to oxygen to generate superoxide and hydrogen peroxide"
HYD3pp,0,1,1,0,0,1413,2dmmq8[c] + (2) h[c] + h2[c] --> 2dmmql8[c] + (2) h[p],(2) h[c] + h2[c] + o2[c] --> (2) h[p] + h2o2[c],h2[c] + (2) o2[c] --> (2) h[p] + (2) o2s[c],(2) h[c] + h2[c] + (1-c-k) 2dmmq8[c] + (c+2k) o2[c] --> (2) h[p] + (1-k-c) 2dmmql8[c] + (c) h2o2[c] + (2k) o2s[c] + (2k) h[c],"PMID: 14527285, General Rule: reduced quinone donates electrons to oxygen to generate superoxide and hydrogen peroxide"
IPDPS,1,0,1,0,0,1449,[c] : h + h2mb4p + nadh --> h2o + ipdp + nad,[c] : (2) o2s + (3) h + nadh --> (2) h2o2 + nad,[c] : (2) o2 + nadh --> (2) o2s + nad + h,[c] : (1+3c) h + h2mb4p + (1+c+k) nadh + (2k) o2 + (2c) o2s --> h2o + ipdp + (1+c+k) nad + (2c) h2o2 + (2k) o2s + (k) h,"PMID: 14527285, PMID: 12198182, General Rule: reduced flavin donates electrons to oxygen to generate superoxide and hydrogen peroxide"
LDH_D,1,0,0,0,1,1490,[c] : lac-D + nad <==> h + nadh + pyr,"[c] : lac-D + o2 --> h2o2 + pyr, [c] : nadh + h + o2 --> nad + h2o2","[c] : lac-D + (2) o2 --> (2) o2s + pyr + (2) h, [c] : nadh +  (2) o2 --> nad + (2) o2s +  h","[c] : (1+c+k) lac-D + nad + (c+2k) o2 --> (1+2k) h + nadh + (1+c+k) pyr + (c) h2o2 + (2k) o2s, OR [c] : (1+c) h + (1+c+k) nadh + pyr + (c+2k) o2 --> lac-D + (1+c+k) nad + (c) h2o2 + (2k)o2s + (k) h",
LDH_D2,0,1,0,0,0,1491,[c] : lac-D + q8 --> pyr + q8h2,[c] : lac-D + o2 --> pyr + h2o2,[c] : lac-D + (2) o2 --> pyr + (2) o2s + (2) h,[c] : lac-D + (1-c-k) q8 + (c+2k) o2 --> pyr + (1-c-k) q8h2 + (c) h2o2 + (2k) o2s + (2k) h,"PMID: 14527285, General Rule: reduced quinone donates electrons to oxygen to generate superoxide and hydrogen peroxide"
L_LACD2,1,1,0,0,0,1570,[c] : lac-L + q8 --> pyr + q8h2,[c] : lac-L + o2 --> pyr + h2o2,[c] : lac-L + (2) o2 --> pyr + (2) o2s + (2) h,[c] : lac-L + (1-c-k) q8 + (c+2k) o2 --> pyr + (1-c-k) q8h2 + (c) h2o2 + (2k) o2s + (2k) h,"PMID: 14527285, General Rule: reduced flavin donates electrons to oxygen to generate superoxide and hydrogen peroxide"
L_LACD3,1,1,0,0,0,1571,[c] : lac-L + mqn8 --> mql8 + pyr,[c] : lac-L + o2 --> pyr + h2o2,[c] : lac-L + (2) o2 --> pyr + (2) o2s + (2) h,[c] : lac-L + (1-c-k) mqn8 + (c+2k) o2 --> pyr + (1-c-k) mql8 + (c) h2o2 + (2k) o2s + (2k) h,"PMID: 14527285, General Rule: reduced flavin donates electrons to oxygen to generate superoxide and hydrogen peroxide"
MDH2,1,1,0,0,0,1623,[c] : mal-L + q8 --> oaa + q8h2,[c] : mal-L + o2 --> oaa + h2o2,[c] : mal-L + (2) o2 --> oaa + (2) o2s + (2) h,[c] : mal-L + (1-c-k) q8 + (c+2k) o2 --> oaa + (1-c-k) q8h2 + (c) h2o2 + (2k) o2s + (2k) h,"PMID: 14527285, General Rule: reduced flavin donates electrons to oxygen to generate superoxide and hydrogen peroxide"
MDH3,1,1,0,0,0,1624,[c] : mal-L + mqn8 --> mql8 + oaa,[c] : mal-L + o2 --> oaa + h2o2,[c] : mal-L + (2) o2 --> oaa + (2) o2s + (2) h,[c] : mal-L + (1-c-k) mqn8 + (c+2k) o2 --> oaa + (1-c-k) mql8 + (c) h2o2 + (2k) o2s + (2k) h,"PMID: 14527285, General Rule: reduced flavin donates electrons to oxygen to generate superoxide and hydrogen peroxide"
MICITD,0,0,1,0,0,1655,[c] : 2mcacn + h2o --> micit,[c] : (2) o2s + (3) h + nadh --> (2) h2o2 + nad,[c] : (2) o2 + nadh --> (2) o2s + nad + h,[c] : 2mcacn + h2o + (2k) o2 + (c+k) nadh + (2c) o2s + (3c) h --> micit + (2c) h2o2 + (2k) o2s + (c+k) nad + (k) h,"PMID: 1315737, PMID: 15308657, PMID: 15308657, General Rule: ROS generated from continual cycling between repair and damage of Fe-S cluster (PMID: 1315737, PMID: 15308657). Assume NADH as source of electrons for repair (PMID: 15308657) "
MTHFR2,1,0,0,0,0,1702,[c] : (2) h + mlthf + nadh --> 5mthf + nad,[c] : nadh + h + o2 --> nad + h2o2,[c] :  nadh + (2)o2 --> (2)o2s + nad + h,[c] : (2+c) h + mlthf + (1+c+k) nadh + (c+2k) o2 --> 5mthf + (1+c+k) nad + (c) h2o2 + (2k) o2s + (k) h,"PMID: 14527285, General Rule: reduced flavin donates electrons to oxygen to generate superoxide and hydrogen peroxide"
NADH10,1,1,0,0,0,1712,[c] : h + mqn8 + nadh --> mql8 + nad,[c] : nadh + h + o2 --> nad + h2o2,[c] :  nadh + (2)o2 --> (2)o2s + nad + h,[c] : (1+c) h + mqn8 + (1+c+k) nadh + (c+2k) o2 --> mql8 + (1+c+k) nad + (c) h2o2 + (2k) o2s + (k) h,"PMID: 14527285, General Rule: reduced flavin donates electrons to oxygen to generate superoxide and hydrogen peroxide"
NADH16pp,1,1,1,0,0,1713,(4) h[c] + nadh[c] + q8[c] --> (3) h[p] + nad[c] + q8h2[c],[c] : nadh + h + o2 --> nad + h2o2,[c] :  nadh + (2)o2 --> (2)o2s + nad + h,(4+c) h[c] + (1+c+k) nadh[c] + q8[c] + (c+2k) o2[c] --> (3) h[p] + (1+c+k) nad[c] + q8h2[c] + (c) h2o2[c] + (2k) o2s[c] + (k) h[c],"PMID: 14527285, General Rule: reduced flavin donates electrons to oxygen to generate superoxide and hydrogen peroxide"
NADH17pp,1,1,1,0,0,1714,(4) h[c] + mqn8[c] + nadh[c] --> (3) h[p] + mql8[c] + nad[c],[c] : nadh + h + o2 --> nad + h2o2,[c] :  nadh + (2)o2 --> (2)o2s + nad + h,(4+c) h[c] + mqn8[c] + (1+c+k) nadh[c] + (c+2k) o2[c] --> (3) h[p] + mql8[c] + (1+c+k) nad[c] + (c) h2o2[c] + (2k) o2s[c] + (k) h[c],"PMID: 14527285, General Rule: reduced flavin donates electrons to oxygen to generate superoxide and hydrogen peroxide"
NADH18pp,1,1,1,0,0,1715,2dmmq8[c] + (4) h[c] + nadh[c] --> 2dmmql8[c] + (3) h[p] + nad[c],[c] : nadh + h + o2 --> nad + h2o2,[c] :  nadh + (2)o2 --> (2)o2s + nad + h,2dmmq8[c] + (4+c) h[c] + (1+c+k) nadh[c] + (c+2k) o2[c] --> 2dmmql8[c] + (3) h[p] + [1+c+k) nad[c] + (c) h2o2[c] + (2k) o2s[c] + (k) h[c],"PMID: 14527285, General Rule: reduced flavin donates electrons to oxygen to generate superoxide and hydrogen peroxide"
NADH5,1,1,0,0,0,1716,[c] : h + nadh + q8 --> nad + q8h2,[c] : nadh + h + o2 --> nad + h2o2,[c] :  nadh + (2)o2 --> (2)o2s + nad + h,[c] : (1+c) h + (1+c+k) nadh + q8 (c+2k) o2 --> (1+c+k) nad + q8h2 + (c) h2o2 + (2k) o2s + (k) h,"PMID: 14527285, General Rule: reduced flavin donates electrons to oxygen to generate superoxide and hydrogen peroxide"
NADH9,1,1,0,0,0,1717,[c] : 2dmmq8 + h + nadh --> 2dmmql8 + nad,[c] : nadh + h + o2 --> nad + h2o2,[c] :  nadh + (2)o2 --> (2)o2s + nad + h,[c] : 2dmmq8 + (1+c) h + (1+c+k) nadh + (c+2k) o2 --> 2dmmql8 + (1+c+k) nad + (c) h2o2 + (2k) o2s + (k) h,"PMID: 14527285, General Rule: reduced flavin donates electrons to oxygen to generate superoxide and hydrogen peroxide"
NADPHQR2,1,1,0,0,0,1720,[c] : h + nadph + q8 --> nadp + q8h2,[c] : nadph + h + o2 --> nadp + h2o2,[c] :  nadph + (2)o2 --> (2)o2s + nadp + h,[c] : (1+c) h + (1+c+k) nadph + q8 + (c+2k) o2 --> (1+c+k) nadp + q8h2 + (c) h2o2 + (2k) o2s + (k) h,"PMID: 14527285, General Rule: reduced flavin donates electrons to oxygen to generate superoxide and hydrogen peroxide"
NADPHQR3,1,1,0,0,0,1721,[c] : h + mqn8 + nadph --> mql8 + nadp,[c] : nadph + h + o2 --> nadp + h2o2,[c] :  nadph + (2)o2 --> (2)o2s + nadp + h,[c] : (1+c) h + mqn8 + (1+c+k) nadph + (c+2k) o2--> mql8 + (1+c+k) nadp + (c) h2o2 + (2k) o2s + (k) h,"PMID: 14527285, General Rule: reduced flavin donates electrons to oxygen to generate superoxide and hydrogen peroxide"
NADPHQR4,1,1,0,0,0,1722,[c] : 2dmmq8 + h + nadph --> 2dmmql8 + nadp,[c] : nadph + h + o2 --> nadp + h2o2,[c] :  nadph + (2)o2 --> (2)o2s + nadp + h,[c] : 2dmmq8 + (1+c) h + (1+c+k) nadph + (c+2k) o2--> 2dmmql8 + (1+c+k) nadp + (c) h2o2 + (2k) o2s + (k) h,"PMID: 14527285, General Rule: reduced flavin donates electrons to oxygen to generate superoxide and hydrogen peroxide"
NADTRHD,1,0,0,0,0,1725,[c] : nad + nadph --> nadh + nadp,[c] : nadph + h + o2 --> nadp + h2o2,[c] :  nadph + (2)o2 --> (2)o2s + nadp + h,[c] : nad + (1+c+k) nadph + (c) h + (c+2k) o2 --> nadh + (1+c+k) nadp + (c) h2o2 + (2k) o2s + (k) h,"PMID: 14527285, General Rule: reduced flavin donates electrons to oxygen to generate superoxide and hydrogen peroxide"
NHFRBO,1,0,0,1,0,1741,[c] : h + nadh + (2) no --> h2o + n2o + nad,[c] : nadh + h + o2 --> nad + h2o2,[c] :  nadh + (2)o2 --> (2)o2s + nad + h,[c] : (1+c) h + (1+c+k) nadh + (2) no + (c+2k) o2 --> h2o + n2o + (1+c+k) nad + (c) h2o2 + (2k) o2s + (k) h,"PMID: 14527285, General Rule: reduced flavin donates electrons to oxygen to generate superoxide and hydrogen peroxide"
NO3R1bpp,0,1,0,0,0,1759,no3[p] + q8h2[c] --> h2o[p] + no2[p] + q8[c],[c] : q8h2 + o2 --> h2o2 + q8,[c] : q8h2 + (2) o2 --> (2) o2s + q8 + (2) h,no3[p] + (1+c+k) q8h2[c]  + (c+2k) o2[c] --> h2o[p] + no2[p] + (1+c+k) q8[c] + (c) h2o2[c] + (2k) o2s[c] + (2k) h[c],"PMID: 14527285, General Rule: reduced quinone donates electrons to oxygen to generate superoxide and hydrogen peroxide"
NO3R1pp,0,1,1,0,0,1760,(2) h[c] + no3[c] + q8h2[c] --> (2) h[p] + h2o[c] + no2[c] + q8[c],[c] : q8h2 + o2 --> h2o2 + q8,[c] : q8h2 + (2) o2 --> (2) o2s + q8 + (2) h,(2) h[c] + no3[c] + (1+c+k) q8h2[c] + (c+2k) o2[c] --> (2) h[p] + h2o[c] + no2[c] + (1+c+k) q8[c] + (c) h2o2[c] + (2k) o2s[c] + (2k) h[c],"PMID: 14527285, General Rule: reduced quinone donates electrons to oxygen to generate superoxide and hydrogen peroxide"
NO3R2bpp,0,1,0,0,0,1761,mql8[c] + no3[p] --> h2o[p] + mqn8[c] + no2[p],[c] : mql8 + o2 --> h2o2 + mqn8,[c] : mql8 + (2) o2 --> (2) o2s + mqn8 + (2) h,(1+c+k) mql8[c] + no3[p] + (c+2k) o2[c]--> h2o[p] + (1+c+k) mqn8[c] + no2[p] + (c) h2o2[c] + (2k) o2s[c] + (2k) h[c],"PMID: 14527285, General Rule: reduced quinone donates electrons to oxygen to generate superoxide and hydrogen peroxide"
NO3R2pp,0,1,1,0,0,1762,(2) h[c] + mql8[c] + no3[c] --> (2) h[p] + h2o[c] + mqn8[c] + no2[c],[c] : mql8 + o2 --> h2o2 + mqn8,[c]:  mql8 + (2) o2 --> (2) o2s + mqn8 + (2) h,(2) h[c] + (1+c+k) mql8[c] + no3[c] + (c+2k) o2 --> (2) h[p] + h2o[c] + (1+c+k) mqn8[c] + no2[c] + (c) h2o2[c] + (2k) o2s[c] + (2k) h[c],"PMID: 14527285, General Rule: reduced quinone donates electrons to oxygen to generate superoxide and hydrogen peroxide"
NODOx,1,0,0,0,0,1765,[c] : nadh + (2) no + (2) o2 --> h + nad + (2) no3,[c] : nadh + h + o2 --> nad + h2o2,[c] :  nadh + (2)o2 --> (2)o2s + nad + h,[c] : (c) h + (1+c+k) nadh + (2) no + (2+c+2k) o2 --> (1+k) h + (1+c+k) nad + (2) no3 + (c) h2o2 + (2k) o2s,"PMID: 14527285, General Rule: reduced flavin donates electrons to oxygen to generate superoxide and hydrogen peroxide"
NODOy,1,0,0,0,0,1766,[c] : nadph + (2) no + (2) o2 --> h + nadp + (2) no3,[c] : nadph + h + o2 --> nadp + h2o2,[c] :  nadph + (2)o2 --> (2)o2s + nadp + h,[c] : (c) h + (1+c+k) nadph + (2) no + (2+c+2k) o2 --> (1+k) h + (1+c+k) nadp + (2) no3 + (c) h2o2 + (2k) o2s,"PMID: 14527285, General Rule: reduced flavin donates electrons to oxygen to generate superoxide and hydrogen peroxide"
NTRIR2x,1,0,1,1,0,1814,[c] : (5) h + (3) nadh + no2 --> (2) h2o + (3) nad + nh4,[c] : nadh +  h +  o2 -->  nad +  h2o2,[c] :  nadh  + (2) o2 -->  nad + (2) o2s +  h,[c] : (5+3c) h + (3+3c+3k) nadh + no2 + (3c+6k) o2 --> (2) h2o + (3+3c+3k) nad + nh4 + (3c) h2o2 + (6k) o2s + (3k) h,"PMID: 14527285, General Rule: reduced flavin donates electrons to oxygen to generate superoxide and hydrogen peroxide"
NTRIR3pp,0,1,0,0,0,1815,(2) h[p] + no2[p] + (3) q8h2[c] --> (2) h2o[p] + nh4[p] + (3) q8[c],[c] : q8h2 +  o2 -->  h2o2 +  q8,[c] :  q8h2 + (2) o2 --> (2) o2s +  q8 + (2) h,(2) h[p] + no2[p] + (3+3c+3k) q8h2[c] + (3c+6k) o2[c] --> (2) h2o[p] + nh4[p] + (3+3c+3k) q8[c] + (3c) h2o2[c] + (6k) o2s[c] + (6k) h[c],"PMID: 14527285, General Rule: reduced quinone donates electrons to oxygen to generate superoxide and hydrogen peroxide"
NTRIR4pp,0,1,0,0,0,1816,(2) h[p] + (3) mql8[c] + no2[p] --> (2) h2o[p] + (3) mqn8[c] + nh4[p],[c] : mql8 + o2 --> h2o2 + mqn8,[c] : mql8 + (2) o2 --> (2) o2s + mqn8 + (2) h,(2) h[p] + (3+3c+3k) mql8[c] + no2[p] +(3c+6k) o2[c] --> (2) h2o[p] + (3+3c+3k) mqn8[c] + nh4[p] + (3c) h2o2[c] + (6k) o2s[c] + (6k) h[c],"PMID: 14527285, General Rule: reduced quinone donates electrons to oxygen to generate superoxide and hydrogen peroxide"
OBTFL,0,0,1,0,0,1831,[c] : 2obut + coa --> for + ppcoa,[c] : (2) o2s + (3) h + nadh --> (2) h2o2 + nad,[c] : (2) o2 + nadh --> (2) o2s + nad + h,[c] : 2obut + coa + (2k) o2 + (c+k) nadh + (2c) o2s + (3c) h --> for + ppcoa + (2c) h2o2 + (2k) o2s + (c+k) nad + (k) h,"PMID: 1315737, PMID: 15308657, PMID: 15308657, General Rule: ROS generated from continual cycling between repair and damage of Fe-S cluster (PMID: 1315737, PMID: 15308657). Assume NADH as source of electrons for repair (PMID: 15308657) "
P5CD,1,0,0,0,0,1859,[c] : 1pyr5c + (2) h2o + nad --> glu-L + h + nadh,NA,NA,NA,PMID: 7966312
PDH,1,0,0,0,0,1890,[c] : coa + nad + pyr --> accoa + co2 + nadh,[c] : coa + o2 + h + pyr --> accoa + co2 + h2o2,[c] : coa + (2) o2 + pyr --> accoa + co2 + (2)o2s + h,[c] : (1+c+k) coa + nad + (1+c+k) pyr + (c+2k) o2 + (c) h--> (1+c+k) accoa + (1+c+k) co2 + nadh + (c) h2o2 + (2k) o2s + (k) h,"PMID: 14527285, General Rule: reduced flavin donates electrons to oxygen to generate superoxide and hydrogen peroxide"
PFL,0,0,1,0,0,1909,[c] : coa + pyr --> accoa + for,[c] : (2) o2s + (3) h + nadh --> (2) h2o2 + nad,[c] : (2) o2 + nadh --> (2) o2s + nad + h,[c] : coa + pyr + (2k) o2 + (c+k) nadh + (2c) o2s + (3c) h--> accoa + for + (2c) h2o2 + (2k) o2s + (c+ k) nad + (k) h,"PMID: 1315737, PMID: 15308657, PMID: 15308657, General Rule: ROS generated from continual cycling between repair and damage of Fe-S cluster (PMID: 1315737, PMID: 15308657). Assume NADH as source of electrons for repair (PMID: 15308657) "
POX,1,1,0,0,0,2011,[c] : h2o + pyr + q8 --> ac + co2 + q8h2,[c] : h2o + pyr + o2 --> ac + co2 + h2o2,[c] : h2o + pyr + (2) o2 --> ac + co2 + (2) o2s + (2) h,[c] : h2o + pyr + (1-c-k) q8  + (c+2k) o2 --> ac + co2 + (1-c-k) q8h2 + (c) h2o2 + (2k) o2s + (2k) h,"PMID: 14527285, General Rule: reduced flavin donates electrons to oxygen to generate superoxide and hydrogen peroxide"
PPCDC,1,0,0,0,0,2021,[c] : 4ppcys + h --> co2 + pan4p,[c] : o2 + fmnh2 -->  fmn + h2o2,[c] : (2) o2 + fmnh2 -->  fmn + (2) o2s + (2) h,[c] : 4ppcys + h + (c+k) fmnh2 + (c+2k) o2 --> co2 + pan4p + (c+k) fmn + (c) h2o2 + (2k) o2s + (2k) h,PMID: 10922366â€¦
PPNCL2,1,0,0,0,0,2029,[c] : 4ppan + ctp + cys-L --> 4ppcys + cmp + h + ppi,NA,NA,NA,"PMID: 10922366, Bifunctional enzyme, FMN participates in only 4'-phosphopantothenoylcysteine decarboxylase activity"
PPPGO,1,0,0,0,0,2032,"[c] : (3) q8 + pppg9 --> (3) q8h2 + ppp9, change in model",[c] : (3) o2 + pppg9 --> (3) h2o2 + ppp9,[c] : (6) o2 + pppg9 --> (6) o2s + ppp9 + (6) h,[c] : (3) q8 + (1+c+k) pppg9 + (3c+6k) o2--> (1+c+k) ppp9 + (3) q8h2 + (3c) h2o2 + (6k) o2s + (6k) h,"PMID: 14527285, General Rule: reduced flavin donates electrons to oxygen to generate superoxide and hydrogen peroxide"
PPPGO3,1,0,0,0,0,2033,[c] : (3) fum + pppg9 --> ppp9 + (3) succ,[c] : (3) o2 + pppg9 --> (3) h2o2 + ppp9,[c] : (6) o2 + pppg9 --> (6) o2s + ppp9 + (6) h,[c] : (3) fum + (1+c+k) pppg9 + (3c+6k) o2--> (1+c+k) ppp9 + (3) succ + (3c) h2o2 + (6k) o2s + (6k) h,"PMID: 14527285, General Rule: reduced flavin donates electrons to oxygen to generate superoxide and hydrogen peroxide"
PPPNDO,1,0,0,0,0,2034,[c] : h + nadh + o2 + pppn --> cechddd + nad,[c] : nadh + h + o2 --> nad + h2o2,[c] :  nadh + (2)o2 --> (2)o2s + nad + h,[c] : (1+c) h + (1+c+k) nadh + (1+c+2k) o2 + pppn --> cechddd + (1+c+k) nad + (c) h2o2 + (2k) o2s + (k) h,"PMID: 14527285, General Rule: reduced flavin donates electrons to oxygen to generate superoxide and hydrogen peroxide"
PROD2,1,0,0,0,0,2048,[c] : fad + pro-L --> 1pyr5c + fadh2 + h,[c] : o2 + pro-L --> 1pyr5c + h2o2 + h,[c] : (2) o2 + pro-L --> 1pyr5c + (2) o2s + (3) h,[c] : (1-c-k) fad + pro-L + (c+2k) o2 --> 1pyr5c + (1-c-k) fadh2 + (c) h2o2 + (2k) o2s + (1+2k) h,"PMID: 14527285, General Rule: reduced flavin donates electrons to oxygen to generate superoxide and hydrogen peroxide"
QULNS,0,0,1,0,0,2105,[c] : dhap + iasp --> (2) h2o + pi + quln,[c] : (2) o2s + (3) h + nadh --> (2) h2o2 + nad,[c] : (2) o2 + nadh --> (2) o2s + nad + h,[c] : dhap + iasp + (2k) o2  + (c+k) nadh + (2c) o2s + (3c) h --> (2) h2o + pi + quln + (2c) h2o2 + (2k) o2s + (c+k) nad + (k) h,"PMID: 1315737, PMID: 15308657, PMID: 15308657, General Rule: ROS generated from continual cycling between repair and damage of Fe-S cluster (PMID: 1315737, PMID: 15308657). Assume NADH as source of electrons for repair (PMID: 15308657) "
RNTR1c,1,0,1,0,0,2134,[c] : atp + fldrd --> datp + fldox + h2o,[c] : fldrd + o2 -->  fldox + h2o2,[c] : fldrd + (2) o2 -->  fldox + (2) o2s + (2) h,[c] : atp + (1-c-k) fldrd + (c+2k) o2 --> datp + (1-c-k) fldox + h2o + (c) h2o2 + (2k) o2s + (2k) h,"PMID: 14527285, General Rule: reduced flavin donates electrons to oxygen to generate superoxide and hydrogen peroxide"
RNTR2c,1,0,1,0,0,2135,[c] : fldrd + gtp --> dgtp + fldox + h2o,[c] : fldrd + o2 -->  fldox + h2o2,[c] : fldrd + (2) o2 -->  fldox + (2) o2s + (2) h,[c] : gtp + (1-c-k) fldrd + (c+2k) o2 --> dgtp + (1-c-k) fldox + h2o + (c) h2o2 + (2k) o2s + (2k) h,"PMID: 14527285, General Rule: reduced flavin donates electrons to oxygen to generate superoxide and hydrogen peroxide"
RNTR3c,1,0,1,0,0,2136,[c] : ctp + fldrd --> dctp + fldox + h2o,[c] : fldrd + o2 -->  fldox + h2o2,[c] : fldrd + (2) o2 -->  fldox + (2) o2s + (2) h,[c] : ctp + (1-c-k) fldrd + (c+2k) o2 --> dctp + (1-c-k) fldox + h2o + (c) h2o2 + (2k) o2s + (2k) h,"PMID: 14527285, General Rule: reduced flavin donates electrons to oxygen to generate superoxide and hydrogen peroxide"
RNTR4c,1,0,1,0,0,2137,[c] : fldrd + utp --> dutp + fldox + h2o,[c] : fldrd + o2 -->  fldox + h2o2,[c] : fldrd + (2) o2 -->  fldox + (2) o2s + (2) h,[c] : utp + (1-c-k) fldrd + (c+2k) o2 --> dutp + (1-c-k) fldox + h2o + (c) h2o2 + (2k) o2s + (2k) h,"PMID: 14527285, General Rule: reduced flavin donates electrons to oxygen to generate superoxide and hydrogen peroxide"
SERD_L,0,0,1,0,0,2155,[c] : ser-L --> nh4 + pyr,[c] : (2) o2s + (3) h + nadh --> (2) h2o2 + nad,[c] : (2) o2 + nadh --> (2) o2s + nad + h,[c] : ser-L + (2k) o2 + (c+k) nadh + (2c) o2s + (3c) h --> nh4 + pyr + (2c) h2o2 + (2k) o2s + (c+k) nad + (k) h,"PMID: 1315737, PMID: 15308657, PMID: 15308657, General Rule: ROS generated from continual cycling between repair and damage of Fe-S cluster (PMID: 1315737, PMID: 15308657). Assume NADH as source of electrons for repair (PMID: 15308657) "
SUCDi,1,1,1,0,0,2192,[c] : q8 + succ --> fum + q8h2,[c] : o2 + succ --> fum + h2o2,[c] : (2) o2 + succ --> fum + (2) o2s + (2) h,[c] : q8 + (1+c+k) succ + (c+2k) o2 --> (1+c+k) fum + q8h2 + (c) h2o2 + (2k) o2s + (2k) h,"PMID: 14527285, General Rule: reduced flavin donates electrons to oxygen to generate superoxide and hydrogen peroxide"
SULRi,1,0,1,1,0,2199,[c] : (5) h + (3) nadph + so3 --> (3) h2o + h2s + (3) nadp,[c] : (3) nadph + (3) h + (3) o2 --> (3) nadp + (3) h2o2,[c] : (3) nadph +  (6) o2 --> (3) nadp + (6) o2s + (3) h,[c] : (5+3c) h + (3+3c+3k) nadph + so3 (3c+6k) o2 --> (3) h2o + h2s + (3+3c+3k) nadp + (3c) h2o2 + (6k) o2s + (3k) h,"PMID: 14527285, General Rule: reduced flavin donates electrons to oxygen to generate superoxide and hydrogen peroxide"
TARTD,0,0,1,0,0,2204,[c] : tartr-L --> h2o + oaa,[c] : (2) o2s + (3) h + nadh --> (2) h2o2 + nad,[c] : (2) o2 + nadh --> (2) o2s + nad + h,[c] : tartr-L + (2k) o2 + (c+k) nadh (2c) o2s + (3c) h --> h2o + oaa + (2c) h2o2 + (2k)o2s  + (c+k) nad + (k) h,"PMID: 1315737, PMID: 15308657, PMID: 15308657, General Rule: ROS generated from continual cycling between repair and damage of Fe-S cluster (PMID: 1315737, PMID: 15308657). Assume NADH as source of electrons for repair (PMID: 15308657) "
THRD_L,0,0,1,0,0,2233,[c] : thr-L --> 2obut + nh4,[c] : (2) o2s + (3) h + nadh --> (2) h2o2 + nad,[c] : (2) o2 + nadh --> (2) o2s + nad + h,[c] : thr-L  + (2k) o2 + (c+k) nadh (2c) o2s + (3c) h --> 2obut + nh4 + (2c) h2o2 + (2k) o2s + (c + k) nad + (k) h,"PMID: 1315737, PMID: 15308657, PMID: 15308657, General Rule: ROS generated from continual cycling between repair and damage of Fe-S cluster (PMID: 1315737, PMID: 15308657). Assume NADH as source of electrons for repair (PMID: 15308657) "
TMAOR1,0,1,0,0,0,2247,[c] : h + mql8 + tmao --> h2o + mqn8 + tma,[c] : mql8 + o2 --> h2o2 + mqn8,[c]:  mql8 + (2) o2 --> (2) o2s + mqn8 + (2) h,[c] : h + (1+c+k) mql8 + tmao + (c+2k) o2--> h2o + (1+c+k) mqn8 + tma + (c) h2o2 + (2k) o2s + (2k) h,"PMID: 14527285, General Rule: reduced quinone donates electrons to oxygen to generate superoxide and hydrogen peroxide"
TMAOR1pp,0,1,0,0,0,2248,h[p] + mql8[c] + tmao[p] --> h2o[p] + mqn8[c] + tma[p],[c] : mql8 + o2 --> h2o2 + mqn8,[c]:  mql8 + (2) o2 --> (2) o2s + mqn8 + (2) h,h[p] + (1+c+k) mql8[c] + tmao[p] + (c+2k) o2[c] --> h2o[p] + (1+c+k) mqn8[c] + tma[p] + (c) h2o2[c] + (2k) o2s[c] + (2k) h[c],"PMID: 14527285, General Rule: reduced quinone donates electrons to oxygen to generate superoxide and hydrogen peroxide"
TMAOR2,0,1,0,0,0,2249,[c] : 2dmmql8 + h + tmao --> 2dmmq8 + h2o + tma,[c] : 2dmmql8 + o2 --> 2dmmq8 + h2o2,[c] : 2dmmql8 + (2) o2 --> 2dmmq8 + (2)o2s + (2)h,[c] : h + (1+c+k) 2dmmql8 + tmao + (c+2k) o2--> h2o + (1+c+k) 2dmmq8 + tma + (c) h2o2 + (2k) o2s + (2k) h,"PMID: 14527285, General Rule: reduced quinone donates electrons to oxygen to generate superoxide and hydrogen peroxide"
TMAOR2pp,0,1,0,0,0,2250,2dmmql8[c] + h[p] + tmao[p] --> 2dmmq8[c] + h2o[p] + tma[p],[c] : 2dmmql8 + o2 --> 2dmmq8 + h2o2,[c] : 2dmmql8 + (2) o2 --> 2dmmq8 + (2)o2s + (2)h,h[p] + (1+c+k) 2dmmql8[c] + tmao[p] + (c+2k) o2[c] --> h2o[p] + (1+c+k) 2dmmq8[c] + tma[p] + (c) h2o2[c] + (2k) o2s[c] + (2k) h[c],"PMID: 14527285, General Rule: reduced quinone donates electrons to oxygen to generate superoxide and hydrogen peroxide"
TRDR,1,0,0,0,0,2261,[c] : h + nadph + trdox --> nadp + trdrd,[c] : nadph + h + o2 --> nadp + h2o2,[c] :  nadph + (2)o2 --> (2)o2s + nadp + h,[c] : (1+c) h + (1+c+k) nadph + trdox + (c+2k) o2 --> (1+c+k) nadp + trdrd + (c) h2o2 + (2k) o2s + (k) h,"PMID: 14527285, General Rule: reduced flavin donates electrons to oxygen to generate superoxide and hydrogen peroxide"
UAPGR,1,0,0,0,0,2304,[c] : h + nadph + uaccg --> nadp + uamr,[c] : nadph + h + o2 --> nadp + h2o2,[c] :  nadph + (2)o2 --> (2)o2s + nadp + h,[c] : (1+c) h + (1+c+k) nadph + uaccg + (c+2k) o2--> (1+c+k) nadp + uamr + (c) h2o2 + (2k)o2s + (k) h,"PMID: 14527285, General Rule: reduced flavin donates electrons to oxygen to generate superoxide and hydrogen peroxide"
UDPGALM,1,0,0,0,0,2311,[c] : udpgal --> udpgalfur,[c] : o2 + fadh2 -->  fad + h2o2,[c] : (2) o2 + fadh2 -->  fad + (2) o2s + (2) h,[c] : udpgal + (c+k) fadh2 + (c+2k) o2--> udpgalfur + (c+k) fad + (c) h2o2 + (2k) o2s + (2k) h,"PMID: 14527285, General Rule: reduced flavin donates electrons to oxygen to generate superoxide and hydrogen peroxide"
